rp_Co,rp_Ni,rs_Co,rs_Ni,theta,rp_Co^2,rp_Ni^2,rs_Co^2,rs_Ni^2,rp_Ni^2 - rs_Ni^2,rp_Ni^2 + rs_Ni^2,rp_Co^2 - rs_Co^2,rp_Co^2 + rs_Co^2
(0.768188760652+0.300938304747j),(0.768609073184+0.318174132612j),(-0.768188760652-0.300938304747j),(-0.768609073184-0.318174132612j),0,(0.499550108728+0.462354846712j),(0.489525128718+0.489103050356j),(0.499550108728+0.462354846712j),(0.489525128718+0.489103050356j),0j,(0.979050257436+0.978206100713j),0j,(0.999100217456+0.924709693424j)
(0.768148377998+0.30097298801j),(0.768567637003+0.318211029134j),(-0.768229136751-0.300903623512j),(-0.768650502443-0.31813723822j),1,(0.49946719111+0.462383825122j),(0.489437953585+0.48913339746j),(0.49963301591+0.462325861872j),(0.489612292563+0.489072696008j),(-0.000174338977916+6.07014523595e-05j),(0.979050246149+0.978206093468j),(-0.000165824800414+5.79632500039e-05j),(0.99910020702+0.924709686993j)
(0.768027170283+0.301077072252j),(0.768443266432+0.318321754813j),(-0.768350246109-0.300799569705j),(-0.76877476914-0.318026544515j),2,(0.499218330858+0.462470743678j),(0.489176314138+0.48922441809j),(0.49988171956+0.462238846825j),(0.48987376265+0.488981566679j),(-0.000697448512854+0.000242851410968j),(0.979050076788+0.97820598477j),(-0.000663388702619+0.000231896853464j),(0.999100050418+0.924709590503j)
(0.767824958035+0.301250660902j),(0.768235775169+0.318506418051j),(-0.768552031913-0.300626113047j),(-0.768981810043-0.317842019935j),3,(0.498803205487+0.462615552131j),(0.48873986791+0.489376049936j),(0.500296165911+0.462093620057j),(0.490309474541+0.488829463595j),(-0.00156960663173+0.00054658634095j),(0.979049342451+0.978205513531j),(-0.00149296042439+0.000521932074067j),(0.999099371398+0.924709172188j)
(0.767541441411+0.301493926561j),(0.767944851955+0.318765199745j),(-0.76883439948-0.300383203169j),(-0.769271519776-0.31758361199j),4,(0.498221276531+0.462818165938j),(0.488128043076+0.489588188253j),(0.500876265077+0.461889879245j),(0.490919320535+0.488616055703j),(-0.00279127745857+0.000972132549828j),(0.979047363611+0.978204243955j),(-0.00265498854628+0.00092828669324j),(0.999097541608+0.924708045184j)
(0.767176199123+0.301807111331j),(0.767570059445+0.319098353618j),(-0.769197216264-0.300070769761j),(-0.769643750834-0.317251247414j),5,(0.497471788051+0.463078465078j),(0.487340036874+0.48986068451j),(0.501621890643+0.461627201564j),(0.491703149212+0.488340880034j),(-0.00436311233823+0.00151980447615j),(0.979043186086+0.978201564544j),(-0.00415010259273+0.00145126351425j),(0.999093678694+0.924705666642j)
(0.766728686905+0.302190527285j),(0.767110832607+0.319506206697j),(-0.769640311868-0.299688722769j),(-0.770098313608-0.316844832399j),6,(0.496553764542+0.46339629236j),(0.486374813385+0.490193344485j),(0.502532879097+0.46130504411j),(0.492660764804+0.488003342211j),(-0.00628595141921+0.00219000227373j),(0.979035578189+0.978196686696j),(-0.00597911455479+0.00209124825022j),(0.999086643639+0.92470133647j)
(0.766198235542+0.302644557059j),(0.766566476657+0.319989159918j),(-0.770163478057-0.299236952663j),(-0.770634976414-0.316364252874j),7,(0.49546600823+0.46377145123j),(0.48523110067+0.490585925774j),(0.503609029094+0.460922744452j),(0.493791926376+0.487602717103j),(-0.00856082570561+0.00298320867142j),(0.979023027045+0.978188642877j),(-0.00814302086405+0.00284870677796j),(0.999075037324+0.924694195682j)
(0.765584048426+0.303169654591j),(0.7659361645+0.320547688869j),(-0.77076646878-0.298715330752j),(-0.77125346553-0.315809374864j),8,(0.49420709574+0.464203703043j),(0.48390738725+0.491038134704j),(0.50485010057+0.460479521309j),(0.49509634684+0.487138149622j),(-0.0111889595905+0.0038999850822j),(0.97900373409+0.978176284326j),(-0.0106430048294+0.00372418173433j),(0.99905719631+0.924683224352j)
(0.764885198637+0.303766345982j),(0.765218933669+0.321182344673j),(-0.771449000192-0.29812370956j),(-0.771953465247-0.315180044903j),9,(0.492775374143+0.464692763772j),(0.482401917916+0.491549622608j),(0.506255813695+0.459974475347j),(0.496573691802+0.486608655679j),(-0.014171773886+0.00494096692894j),(0.978975609718+0.978158278287j),(-0.0134804395517+0.00471828842566j),(0.999031187838+0.924667239119j)
(0.764100625519+0.30443523051j),(0.764413682744+0.321893755005j),(-0.772210750678-0.297461923256j),(-0.772734617916-0.314476090507j),10,(0.491168956343+0.465238300126j),(0.480712688856+0.492119981431j),(0.507825847676+0.459406590111j),(0.498223578224+0.486013123284j),(-0.0175108893685+0.00610685814735j),(0.97893626708+0.978133104715j),(-0.0166568913332+0.00583171001504j),(0.99899480402+0.924644890237j)
(0.763229130741+0.305176981767j),(0.763519167227+0.322682625251j),(-0.773051360897-0.296729788144j),(-0.773596524016-0.313697320718j),11,(0.489385715811+0.465839925032j),(0.478837442084+0.492748738621j),(0.509559839413+0.458774733086j),(0.500045572943+0.485350313801j),(-0.0212081308592+0.00739842481943j),(0.978883015027+0.978099052422j),(-0.0201741236018+0.00706519194553j),(0.998945555224+0.924614658118j)
(0.762269373806+0.305992348944j),(0.762533994836+0.323549739807j),(-0.773970433811-0.295927103205j),(-0.774538742227-0.312843526697j),12,(0.48742328063+0.466497192438j),(0.476773659151+0.493435351247j),(0.511457382003+0.458077656888j),(0.502039191015+0.484618863364j),(-0.0252655318639+0.00881648788292j),(0.978812850165+0.978054214611j),(-0.0240341013732+0.0084195355505j),(0.998880662633+0.924574849326j)
(0.761219866989+0.30688215826j),(0.761456620204+0.324495963514j),(-0.774967534742-0.295053650693j),(-0.775560789516-0.311914482386j),13,(0.485279026841+0.467209591384j),(0.474518554115+0.494179199295j),(0.513518023117+0.457314000589j),(0.504203893913+0.483817284441j),(-0.0296853397973+0.0103619148537j),(0.978722448028+0.977996483736j),(-0.0282389962756+0.00989559079454j),(0.998797049958+0.924523591972j)
(0.760078969661+0.30784731452j),(0.760285338936+0.325522243237j),(-0.77604219142-0.294109196789j),(-0.776662141229-0.310909945223j),14,(0.482950071064+0.467976539266j),(0.472069065758+0.494979578062j),(0.515741263229+0.456482291186j),(0.50653908758+0.482943967572j),(-0.0344700218218+0.0120356104891j),(0.978608153338+0.977923545634j),(-0.0327911921649+0.0114942480802j),(0.998691334293+0.924458830452j)
(0.758844881963+0.308888802832j),(0.759018280982+0.326629609586j),(-0.777193894054-0.293093492299j),(-0.777842231203-0.309829656919j),15,(0.480433262366+0.46879737425j),(0.469421849006+0.495835689571j),(0.518126553726+0.455580945203j),(0.509044120336+0.481997183262j),(-0.0396222713303+0.0138385063096j),(0.978465969343+0.977832872833j),(-0.0376932913603+0.0132164290467j),(0.998559816092+0.924378319453j)
(0.757515637792+0.31000769046j),(0.757653403294+0.327819178774j),(-0.778422095398-0.292006273414j),(-0.779100451887-0.308673344288j),16,(0.477725173356+0.469671346718j),(0.466573265551+0.496746632926j),(0.52067329489+0.454608270441j),(0.511718280657+0.48097508404j),(-0.0451450151067+0.0157715488853j),(0.978291546208+0.977721716966j),(-0.0429481215345+0.0150630762772j),(0.998398468246+0.924279617159j)
(0.756089097047+0.311205128818j),(0.7561884817+0.32909215462j),(-0.779726210842-0.290847262516j),(-0.78043615448-0.307440720132j),17,(0.474822090471+0.470597609689j),(0.463519373624+0.497711393484j),(0.523380833762+0.453562467871j),(0.514560794824+0.479875706701j),(-0.0510414212002+0.0178356867828j),(0.978080168447+0.977587100185j),(-0.0485587432907+0.0170351418184j),(0.998202924232+0.92416007756j)
(0.754562937076+0.312482355623j),(0.754621101953+0.330449830692j),(-0.781105618508-0.28961616903j),(-0.78184864908-0.306131484186j),18,(0.471720003433+0.471575208087j),(0.460255916909+0.498728830754j),(0.5262484619+0.45244163368j),(0.517570824458+0.478696974703j),(-0.0573149075492+0.0200318560508j),(0.977826741367+0.977425805457j),(-0.0545284584669+0.0191335744073j),(0.997968465334+0.924016841767j)
(0.752934643273+0.313840697178j),(0.752948649875+0.331893592578j),(-0.782559659352-0.288312690333j),(-0.783337204857-0.304745324105j),19,(0.468414593836+0.472603066749j),(0.456778312555+0.499797664867j),(0.529275413038+0.451243761467j),(0.520747463949+0.477436700755j),(-0.0639691513946+0.0223609641121j),(0.977525776504+0.977234365622j),(-0.0608608192028+0.0213593052824j),(0.997690006874+0.923846828216j)
(0.751201498747+0.315281570809j),(0.751168300544+0.333424920304j),(-0.784087637297-0.286936512701j),(-0.784901050239-0.303281916512j),20,(0.464901222828+0.473679977039j),(0.453081638263+0.500916461487j),(0.532460860641+0.449966744595j),(0.524089737784+0.476092589578j),(-0.071008099521+0.0248238719093j),(0.977171376046+0.977009051065j),(-0.067559637813+0.0237132324438j),(0.997362083468+0.923646721634j)
(0.749360572995+0.316806487439j),(0.749277006427+0.335045390874j),(-0.785688819362-0.28548731231j),(-0.786539373119-0.30174092809j),21,(0.461174917875+0.474804581912j),(0.449160618414+0.502083614983j),(0.535803915381+0.448608378703j),(0.527596597781+0.474662240849j),(-0.0784359793672+0.0274213741341j),(0.976757216196+0.976745855832j),(-0.0746289975055+0.0261962032093j),(0.996978833256+0.923412960615j)
(0.747408709489+0.318417054303j),(0.747271484384+0.336756680939j),(-0.787362435823-0.283964756276j),(-0.788251321079-0.300122016724j),22,(0.457230358549+0.475975359271j),(0.445009609216+0.503297329683j),(0.539303622539+0.447166364378j),(0.53126692026+0.473143152335j),(-0.0862573110445+0.0301541773478j),(0.976276529476+0.976440482017j),(-0.0820732639895+0.0288089948927j),(0.996533981088+0.923141723649j)
(0.745342512088+0.320114977792j),(0.745148201432+0.338560569574j),(-0.789107680381-0.28236850374j),(-0.790036001643-0.298424832684j),23,(0.453061861319+0.477190603409j),(0.440622582827+0.504555598987j),(0.542958959333+0.445638309999j),(0.53509950313+0.471532723209j),(-0.0944769203028+0.0330228757786j),(0.975722085957+0.976088322196j),(-0.0898970980137+0.0315522934109j),(0.996020820651+0.922828913408j)
(0.743158330162+0.321902066435j),(0.742903359173+0.340458941171j),(-0.790923710355-0.280698206996j),(-0.791892482545-0.29664901986j),24,(0.448663363314+0.478448404335j),(0.435993110447+0.505856182114j),(0.54676883219+0.444021734734j),(0.539093062928+0.469828257563j),(-0.103099952481+0.0360279245511j),(0.975086173375+0.975684439676j),(-0.0981054688762+0.034426669601j),(0.995432195504+0.922470139069j)
(0.740852242318+0.323780233983j),(0.740532876752+0.342453788421j),(-0.792809646887-0.278953512654j),(-0.793819792028-0.294794217033j),25,(0.444028405029+0.479746624729j),(0.431114344346+0.507196578188j),(0.550732073975+0.44231407173j),(0.543246231819+0.468026968113j),(-0.112131887473+0.039169610076j),(0.974360576166+0.975223546301j),(-0.106703668946+0.0374325529995j),(0.994760479005+0.922060696459j)
(0.738420038593+0.325751502612j),(0.73803237221+0.344547215367j),(-0.794764575182-0.277134062846j),(-0.795816919162-0.292860059189j),26,(0.439150111942+0.481082874261j),(0.425978998812+0.508573997391j),(0.554847441175+0.440512671453j),(0.547557554556+0.466125980099j),(-0.121578555743+0.0424480172916j),(0.973536553368+0.97469997749j),(-0.115697329232+0.0405702028079j),(0.993997553117+0.921595545713j)
(0.735857200974+0.327818006207j),(0.735397142088+0.346741440517j),(-0.796787544755-0.275239496469j),(-0.797882814193-0.29084617887j),27,(0.434021175032+0.482454480952j),(0.42057933002+0.509985328799j),(0.55911361106+0.438614805223j),(0.552025485422+0.464122335388j),(-0.131446155402+0.0458629934108j),(0.972604815442+0.974107664187j),(-0.125092436028+0.0438396757293j),(0.993134786092+0.921069286175j)
(0.733158882068+0.329981993724j),(0.732622139107+0.349038799984j),(-0.798877569712-0.273269450458j),(-0.800016388923-0.288752207558j),28,(0.428633830173+0.483858459242j),(0.414907114815+0.51142710455j),(0.563529178835+0.436617668917j),(0.556648385176+0.462012996768j),(-0.141741270361+0.0494141077823j),(0.971555499991+0.973440101318j),(-0.134895348662+0.0472407903247j),(0.992163009008+0.920476128159j)
(0.730319881758+0.332245832589j),(0.729701947721+0.351441750621j),(-0.80103362905-0.271223561094j),(-0.802216517108-0.286577777101j),29,(0.422979836418+0.485291474341j),(0.408953628428+0.512895459878j),(0.568092654776+0.434518386854j),(0.561424517993+0.459794852453j),(-0.152470889565+0.0531006074247j),(0.970378146422+0.972690312331j),(-0.145112818358+0.0507730874875j),(0.991072491194+0.919809861195j)
(0.72733462163+0.334612012114j),(0.726630757365+0.353952873111j),(-0.803254666988-0.269101465344j),(-0.804482034902-0.284322521161j),30,(0.41705045317+0.486749802448j),(0.402709621165+0.514386088521j),(0.572802461388+0.432314015861j),(0.56635204844+0.457464720784j),(-0.163642427275+0.0569213677365j),(0.969061669605+0.971850809305j),(-0.155752008218+0.0544357865869j),(0.989852914557+0.919063818309j)
(0.724197116941+0.337083146891j),(0.723402333117+0.35657487496j),(-0.805539593322-0.266902802228j),(-0.806811741316-0.281986076699j),31,(0.410836416267+0.488229286295j),(0.396165294106+0.515894192955j),(0.577656930571+0.430001549527j),(0.571429038474+0.455019355137j),(-0.175263744367+0.060874837818j),(0.96759433258+0.970913548091j),(-0.166820514304+0.058227736769j),(0.988493346839+0.918230835822j)
(0.720900945885+0.339661980098j),(0.72000998355+0.359310593337j),(-0.807887283806-0.264627214217j),(-0.809204398727-0.279568085478j),32,(0.404327913054+0.489725285468j),(0.389310273927+0.517414428796j),(0.582654300832+0.42757792263j),(0.576653444501+0.452455449025j),(-0.187343170574+0.0649589797707j),(0.965963718428+0.969869877821j),(-0.178326387778+0.0621473628378j),(0.986982213886+0.917303208098j)
(0.717439215858+0.342351386686j),(0.716446525443+0.362162997683j),(-0.810296580572-0.262274348647j),(-0.811658733405-0.277068195601j),33,(0.397514556485+0.491232620823j),(0.382133586929+0.518940842668j),(0.587792714529+0.425040015761j),(0.582023114499+0.449769641416j),(-0.19988952757+0.0691712012523j),(0.964156701428+0.968710484085j),(-0.190278158045+0.0661926050623j),(0.985307271014+0.916272636584j)
(0.713804526404+0.345154376344j),(0.712704245048+0.365135192002j),(-0.812766292568-0.259843859164j),(-0.814173436085-0.27448606306j),34,(0.390385358405+0.492745512285j),(0.374623632472+0.520466802712j),(0.593070215189+0.422384660119j),(0.587535785213+0.446958522238j),(-0.212912152741+0.0735082804742j),(0.962159417685+0.967425324951j),(-0.202684856784+0.0703608521666j),(0.983455573594+0.915130172404j)
(0.709988928491+0.348074096176j),(0.708774855512+0.368230416718j),(-0.815295196034-0.257335407187j),(-0.816747162574-0.271821353314j),35,(0.382928702151+0.494257509159j),(0.36676815601+0.521984920809j),(0.598484744884+0.419608642498j),(0.593189079455+0.444018638092j),(-0.226420923444+0.077966282717j),(0.959957235465+0.9660035589j),(-0.215556042732+0.0746488666609j),(0.981413447035+0.913866151658j)
(0.705983879698+0.351113832957j),(0.704649450053+0.371452049976j),(-0.817882035014-0.254748663386j),(-0.819378534386-0.269073742874j),36,(0.375132314699+0.495761412013j),(0.358554222029+0.523486965473j),(0.604034141702+0.416708710455j),(0.598980503508+0.440946498156j),(-0.240426281479+0.0825404673171j),(0.957534725536+0.964433463629j),(-0.228901827003+0.079052701558j),(0.979166456401+0.912470122469j)
(0.701780194858+0.354277014856j),(0.700318450411+0.374803608216j),(-0.820525521896-0.25208330918j),(-0.822066139429-0.266242920913j),37,(0.36698323864+0.497249185038j),(0.349968187254+0.524963764228j),(0.609716137316+0.413681577652j),(0.604907444659+0.43773858029j),(-0.254939257405+0.0872251839376j),(0.954875631913+0.962702344518j),(-0.242732898676+0.0835676073861j),(0.976699375956+0.91093076269j)
(0.697367991658+0.357567212442j),(0.695771550045+0.378288745827j),(-0.823224337985-0.249339038243j),(-0.824808532717-0.263328590875j),38,(0.358467804376+0.498711857647j),(0.340995674633+0.526405094098j),(0.615528354659+0.410523929383j),(0.610967168871+0.434391337324j),(-0.269971494238+0.0920137567742j),(0.951962843504+0.960796431422j),(-0.257060550283+0.0881879282639j),(0.973996159035+0.90923578703j)
(0.692736630591+0.360988138794j),(0.690997651478+0.381911253658j),(-0.825977134117-0.24651555803j),(-0.827604237131-0.260330472103j),39,(0.349571603013+0.500139413903j),(0.331621548678+0.527799558701j),(0.621468305733+0.407232428274j),(0.617156818611+0.430901203533j),(-0.285535269933+0.0968983551682j),(0.94877836729+0.958700762235j),(-0.271896702721+0.0929069856292j),(0.971039908746+0.907371842177j)
(0.687874648624+0.364543648453j),(0.685984797111+0.385675056076j),(-0.828782531305-0.243612591302j),(-0.83045174421-0.257248301468j),40,(0.340279460592+0.501520668175j),(0.321829892988+0.529134450186j),(0.627533389555+0.403803720153j),(0.623473410853+0.427264601299j),(-0.301643517865+0.101869848887j),(0.94530330384+0.956399051485j),(-0.287253928963+0.0977169480215j),(0.967812850147+0.905324388328j)
(0.682769685829+0.368237734937j),(0.68072009275+0.389584206259j),(-0.83163912142-0.240629877662j),(-0.833349514993-0.254081835004j),41,(0.330575414456+0.502843125187j),(0.311603990908+0.530395594038j),(0.633720890252+0.400234440093j),(0.62991383526+0.423477947938j),(-0.318309844352+0.1069176461j),(0.941517826168+0.953873541976j),(-0.303145475796+0.102608685094j),(0.964296304708+0.90307756528j)
(0.677408404148+0.372074526458j),(0.675189622997+0.393642879279j),(-0.834545467913-0.237567175098j),(-0.836295980893-0.250830849536j),42,(0.32044269277+0.504092822384j),(0.300926310596+0.531567174512j),(0.640027975331+0.396521218607j),(0.636474852579+0.419537662703j),(-0.335548541983+0.11202951181j),(0.937401163175+0.951104837215j),(-0.31958528256+0.107571603778j),(0.960470668101+0.900614040991j)
(0.671776397322+0.376058279406j),(0.669378357504+0.397855362491j),(-0.837500106573-0.234424261519j),(-0.839289544617-0.24749514432j),43,(0.30986369849+0.505254152245j),(0.289778496032+0.532631538137j),(0.646451694121+0.392660688011j),(0.643153093241+0.415440173942j),(-0.353374597209+0.117191364196j),(0.932931589273+0.948071712079j),(-0.336587995631+0.112593464233j),(0.95631539261+0.897914840256j)
(0.665858090936+0.38019336907j),(0.663270047027+0.40222604261j),(-0.840501546317-0.231200936297j),(-0.842328581122-0.24407454266j),44,(0.29881999938+0.506309661831j),(0.278141365929+0.533568972395j),(0.652988976416+0.388649488935j),(0.6499450562+0.411181926413j),(-0.37180369027+0.122387045982j),(0.928086422129+0.944750898808j),(-0.354168977036+0.117660172896j),(0.951808975796+0.894959150767j)
(0.659636631319+0.384484276974j),(0.656847108011+0.406759388741j),(-0.843548270027-0.227897021804j),(-0.845411438619-0.240568893535j),45,(0.287292326138+0.507239826516j),(0.265994922974+0.534357456301j),(0.659636631319+0.384484276974j),(0.656847108011+0.406759388741j),(-0.390852185037+0.12759806756j),(0.922842030984+0.941116845042j),(-0.372344305181+0.122755549543j),(0.946928957457+0.89172410349j)
(0.653093761939+0.38893557402j),(0.65009049431+0.411459930468j),(-0.846638735423-0.224512364938j),(-0.848536439614-0.236978073202j),46,(0.275260581146+0.508022794377j),(0.253318376411+0.534972379174j),(0.666391346308+0.380161729476j),(0.663855482174+0.402169061002j),(-0.410537105763+0.132803318172j),(0.917173858585+0.937141440176j),(-0.391130765162+0.127861064901j),(0.941651927454+0.888184523853j)
(0.646209685693+0.39355189852j),(0.642979554442+0.416332229925j),(-0.849771375965-0.221046838651j),(-0.851701881989-0.23330198679j),47,(0.262703861055+0.508634097293j),(0.240090181757+0.535386223393j),(0.673249686531+0.375678552467j),(0.670966278743+0.397407482442j),(-0.430876096987+0.137978740952j),(0.9110564605+0.932793705835j),(-0.410545825476+0.132955544826j),(0.935953547587+0.884312649759j)
(0.638962911296+0.398337927945j),(0.635491872571+0.421380846511j),(-0.852944601807-0.217500343452j),(-0.854906040128-0.229540569884j),48,(0.249600497173+0.509046324239j),(0.226288102298+0.53556820643j),(0.68020809435+0.371031487678j),(0.678175464225+0.392471239297j),(-0.451887361927+0.143096967133j),(0.904463566523+0.928039445727j),(-0.430607597177+0.138014836561j),(0.929808591522+0.880077811916j)
(0.631330081723+0.403298342986j),(0.627603091168+0.426610292683j),(-0.85615680078-0.213872808909j),(-0.858147166082-0.225693790078j),49,(0.235928118634+0.509228751672j),(0.211889298221+0.535483876824j),(0.687262889131+0.366217319699j),(0.685478871775+0.387356972716j),(-0.473589573554+0.148126904108j),(0.897368169996+0.92284084954j),(-0.451334770497+0.143011431973j),(0.923191007764+0.875446071371j)
(0.623285782366+0.408437782207j),(0.619286713024+0.43202497884j),(-0.859406339415-0.210164195127j),(-0.86142349077-0.221761648518j),50,(0.221663744566+0.509146925262j),(0.196870450586+0.535094658181j),(0.694410267313+0.361232883221j),(0.692872201697+0.382061386771j),(-0.496001751111+0.15303327141j),(0.889742652283+0.917156044952j),(-0.472746522747+0.147914042041j),(0.916074011878+0.870379808482j)
(0.614802326249+0.413760785189j),(0.610513879992+0.437629144957j),(-0.862691564005-0.20637449421j),(-0.864733225228-0.217744181414j),51,(0.206783913001+0.508762186489j),(0.181207929147+0.53435733457j),(0.701646302745+0.356075070361j),(0.700351022274+0.376581256539j),(-0.519143093127+0.157776078032j),(0.881558951421+0.910938591109j),(-0.494862389744+0.152687116128j),(0.908430215745+0.86483725685j)
(0.605849513272+0.419271721573j),(0.601253125474+0.443426776037j),(-0.866010801702-0.202503731702j),(-0.86807456189-0.213641461529j),52,(0.191264856221+0.508031136887j),(0.164878015186+0.533223470021j),(0.708966947311+0.350740838078j),(0.707910770917+0.370913436236j),(-0.543032755731+0.162310033785j),(0.872788786103+0.904136906258j),(-0.51770209109+0.157290298809j),(0.900231803532+0.858771974965j)
(0.596394360047+0.424974702855j),(0.591470097294+0.449421497863j),(-0.869362361652-0.198551968008j),(-0.87144567591-0.209453599633j),53,(0.175082734629+0.50690503189j),(0.147857193251+0.531638754135j),(0.716368031858+0.345227215636j),(0.715546755663+0.365054867408j),(-0.567689562412+0.166583886727j),(0.863403948914+0.896693621542j),(-0.541285297228+0.161677816254j),(0.891450766487+0.852132247527j)
(0.586400796393+0.430873473024j),(0.581127247169+0.455616448687j),(-0.872744536166-0.19451929978j),(-0.874844726519-0.205180745935j),54,(0.158213944255+0.505329095452j),(0.130122529087+0.529542265181j),(0.723845267421+0.339531312123j),(0.723254157016+0.359002587129j),(-0.593131627929+0.170539678052j),(0.853376686104+0.88854485231j),(-0.565631323166+0.165797783329j),(0.882059211676+0.844860407575j)
(0.575829324057+0.436971273263j),(0.570183482502+0.462014121524j),(-0.876155601924-0.190405861284j),(-0.878269858425-0.20082309147j),55,(0.140635516787+0.503241745831j),(0.11165215523+0.526865641551j),(0.731394246771+0.333650324007j),(0.731028030151+0.352753736228j),(-0.619375874921+0.174111905323j),(0.842680185381+0.879619377778j),(-0.590758729984+0.169591421825j),(0.872029763558+0.836892069838j)
(0.564636632611+0.443270674797j),(0.55859377574+0.468616170513j),(-0.879593821215-0.186211825735j),(-0.881719203239-0.196380869456j),56,(0.122325635751+0.500573722304j),(0.0924258910298+0.523532152119j),(0.739010446275+0.327581542707j),(0.738863307471+0.346305567496j),(-0.646437416442+0.177226584623j),(0.831289198501+0.869837719615j),(-0.616684810524+0.172992179597j),(0.861336082027+0.828155265012j)
(0.552775166838+0.449773372571j),(0.546308725968+0.475423173269j),(-0.88305744321-0.181937406592j),(-0.885190880938-0.191854356608j),57,(0.103264298399+0.497247102125j),(0.0724260303883+0.519455656168j),(0.746689228092+0.321322362179j),(0.746754801546+0.339655453876j),(-0.674328771158+0.179800202293j),(0.819180831935+0.859111110044j),(-0.643424929692+0.175924739946j),(0.849953526491+0.818569464304j)
(0.540192639219+0.456479930725j),(0.533274066855+0.482434339276j),(-0.88654470527-0.177582858828j),(-0.888683001368-0.187243874415j),58,(0.0834341603124+0.493174197057j),(0.0516383386666+0.514539444192j),(0.754425842693+0.314870286482j),(0.754697208415+0.332800896605j),(-0.703058869748+0.181738547587j),(0.806335547081+0.847340340797j),(-0.67099168238+0.178303910576j),(0.837860003005+0.808044483539j)
(0.526831480344+0.463389468598j),(0.519430114518+0.489647152035j),(-0.890053834276-0.173148480157j),(-0.892193665766-0.182549790365j),59,(0.0628216090735+0.488256319435j),(0.0300533103727+0.50867495251j),(0.762215431729+0.308222937325j),(0.76268511127+0.3257395333j),(-0.732631800898+0.182935419209j),(0.792738421643+0.83441448581j),(-0.699393822655+0.18003338211j),(0.825037040802+0.79647925676j)
(0.512628219349+0.47049927332j),(0.504711148352+0.497056929738j),(-0.893583048-0.16863461222j),(-0.895720968319-0.177772519135j),60,(0.0414181250781+0.482382409375j),(0.00766775186978+0.501740347609j),(0.770053031234+0.301378061571j),(0.770712984526+0.318469145959j),(-0.763045232656+0.18327120165j),(0.778380736396+0.820209493568j),(-0.728634906156+0.181004347803j),(0.811471156312+0.783760470946j)
(0.497512785678+0.477804321542j),(0.489044717431+0.504656285633j),(-0.897130556496-0.164041641737j),(-0.89926299775-0.172912523723j),61,(0.0192220022286+0.475427518038j),(-0.0155132309816+0.493598981214j),(0.777933575174+0.29433353868j),(0.778775198261+0.310987668863j),(-0.794288429243+0.18261131235j),(0.76326196728+0.804586650077j),(-0.758711572946+0.181093979358j),(0.797155577403+0.769761056718j)
(0.481407722801+0.485296688586j),(0.472350864918+0.512434464628j),(-0.900694563522-0.159370001608j),(-0.902817838928-0.167970316537j),62,(-0.00375948038031+0.46725114747j),(-0.0394737409496+0.484097725162j),(0.785851899346+0.287087388073j),(0.786866023049+0.30329319636j),(-0.826339763999+0.180804528802j),(0.7473922821+0.787390921523j),(-0.789611379726+0.180163759397j),(0.782092418966+0.754338535543j)
(0.46422730404+0.492964817807j),(0.454541262995+0.520376527063j),(-0.904273267987-0.154620171971j),(-0.906383574506-0.162946460427j),63,(-0.0275073217792+0.457695456713j),(-0.0641839701523+0.473065207689j),(0.793802745616+0.279637776411j),(0.794979635168+0.29538399051j),(-0.859163605321+0.177681217179j),(0.730795665016+0.768449198198j),(-0.821310067395+0.178057680303j),(0.766295423837+0.737333233124j)
(0.44587654046+0.500792616077j),(0.435518251495+0.528462343381j),(-0.907864865418-0.149792681218j),(-0.909958286574-0.157841569664j),64,(-0.0519873549852+0.446583358289j),(-0.089596300986+0.46030999154j),(0.801780766514+0.271983024748j),(0.80311012219+0.287258488564j),(-0.892706423176+0.173051502976j),(0.713513821204+0.747568480104j),(-0.853768121499+0.17460033354j),(0.749793411528+0.718566383037j)
(0.426250071244+0.508758332649j),(0.415173774939+0.536665354606j),(-0.911467549451-0.144888106949j),(-0.913540058341-0.15265631087j),65,(-0.0771459178043+0.433716551076j),(-0.115640439437+0.445618762302j),(0.809780530167+0.264121615571j),(0.811251488945+0.278915310276j),(-0.926891928381+0.166703452026j),(0.695611049508+0.724534072577j),(-0.886926447971+0.169594935504j),(0.732634612363+0.697838166647j)
(0.405230928308+0.516833167646j),(0.393388215476+0.544951042386j),(-0.915079513346-0.139907076894j),(-0.917126975828-0.147391403876j),66,(-0.102904417922+0.418873568612j),(-0.142217350522+0.428754636172j),(0.81779652558+0.256052199675j),(0.819397663855+0.270353264999j),(-0.961615014377+0.158401371173j),(0.677180313333+0.699107901172j),(-0.920700943502+0.162821368936j),(0.714892107659+0.674925768287j)
(0.38268916979+0.524979542654j),(0.37002912398+0.553275038582j),(-0.918698951511-0.134850269762j),(-0.920717129582-0.142047622539j),67,(-0.129152519531+0.40180797067j),(-0.169191715725+0.409455755694j),(0.825823168252+0.247773602883j),(0.827542505637+0.261571358576j),(-0.996734221361+0.147884397117j),(0.658350789912+0.67102711427j),(-0.954975687783+0.154034367786j),(0.696670648722+0.649581573553j)
(0.358480382197+0.533148948444j),(0.344949859236+0.561580787256j),(-0.92232406105-0.129718416055j),(-0.924308616399-0.136625795485j),68,(-0.155739616807+0.382246877613j),(-0.196382575228+0.387434427027j),(0.833854806128+0.239284832578j),(0.835679810357+0.252568799979j),(-1.03206238558+0.134865627048j),(0.639297235129+0.640003227006j),(-0.989594422935+0.142962045035j),(0.678115189321+0.621531710191j)
(0.332444059669+0.541279263057j),(0.317988157063+0.569796650838j),(-0.92595304332-0.12451229881j),(-0.927899541059-0.131126806797j),69,(-0.182464187806+0.359890151251j),(-0.223551755273+0.362377173802j),(0.841885725879+0.230585084029j),(0.843803318837+0.243345007694j),(-1.06735507411+0.119032166107j),(0.620251563564+0.605722181496j),(-1.02434991369+0.129305067223j),(0.659421538073+0.59047523528j)
(0.304401882705+0.549291406201j),(0.2889646694+0.577832326556j),(-0.929584105504-0.119232754298j),(-0.931488018074-0.125551596634j),70,(-0.209060542731+0.334410676403j),(-0.250389617451+0.333946254424j),(0.849910159508+0.221673746502j),(0.851906724399+0.233899615829j),(-1.10229634185+0.100046638596j),(0.601517106948+0.567845870253j),(-1.05897070224+0.112736929901j),(0.640849616777+0.556084422905j)
(0.27415594049+0.557085162226j),(0.25768154056+0.585574408233j),(-0.933215462185-0.113880672654j),(-0.935072173437-0.119901161794j),71,(-0.235182398266+0.305456413166j),(-0.276497611233+0.301783431252j),(0.857922291257+0.21255040913j),(0.859983680937+0.224232479913j),(-1.13648129217+0.0775509513389j),(0.583486069704+0.526015911165j),(-1.09310468952+0.0929060040357j),(0.622739892991+0.518006822296j)
(0.241486974249+0.564533962677j),(0.223921128068+0.592880892096j),(-0.936845336939-0.108456998455j),(-0.938650146374-0.114176556208j),72,(-0.260382636284+0.272655197016j),(-0.301367080618+0.265517116336j),(0.86591626483+0.203214866523j),(0.868027811301+0.214343682393j),(-1.16939489192+0.0511734339426j),(0.566660730683+0.479860798729j),(-1.12629890111+0.0694403304928j),(0.605533628547+0.475870063538j)
(0.206152769407+0.571478369951j),(0.187445034248+0.599574383516j),(-0.940471963922-0.102962731233j),(-0.942220091103-0.10837889136j),73,(-0.284088562988+0.235623697244j),(-0.324353800504+0.224774481704j),(0.8738861909+0.193667124108j),(0.876032715985+0.204233537781j),(-1.20038651649+0.0205409439232j),(0.55167891548+0.429008019485j),(-1.15797475389+0.0419565731357j),(0.589797627912+0.429290821351j)
(0.167886899353+0.577717945891j),(0.147993699765+0.605433716328j),(-0.944093589466-0.0973989259289j),(-0.945780178583-0.102509336655j),74,(-0.305572014031+0.193982549273j),(-0.344647849696+0.179200751284j),(0.881826154898+0.183907403181j),(0.883991982098+0.193902597455j),(-1.22863983179-0.0147018461712j),(0.539344132402+0.37310334874j),(-1.18739816893+0.0100751460926j),(0.576254140867+0.377889952454j)
(0.126398134422+0.583001124908j),(0.105286932164+0.610183651543j),(-0.94770847367-0.0917666932805j),(-0.949328598266-0.0965691197057j),75,(-0.323913823258+0.147380509109j),(-0.361238750526+0.128488729455j),(0.88973022507+0.173936145645j),(0.891899192605+0.183351654092j),(-1.25313794313-0.0548629246374j),(0.53066044208+0.311840383547j),(-1.21364404833-0.0265556365367j),(0.565816401812+0.321316654754j)
(0.0813709914441+0.587012645494j),(0.0590259149951+0.613482286144j),(-0.951314891995-0.0860672001529j),(-0.952863559839-0.0905595265581j),76,(-0.337962607721+0.0955316019081j),(-0.372876456771+0.0724227065458j),(0.897592460789+0.163754018435j),(0.899747935818+0.172581745707j),(-1.27262439259-0.100159039161j),(0.526871479047+0.245004452253j),(-1.23555506851-0.0682224165274j),(0.559629853068+0.259285620344j)
(0.0324681327888+0.589358037703j),(0.00889748425662+0.614905790723j),(-0.954911136845-0.0803016697983j),(-0.956383294949-0.0844819018445j),77,(-0.346288716959+0.0382707100566j),(-0.378029966238+0.0109422291845j),(0.905406921098+0.153361917595j),(0.907531815118+0.161594159299j),(-1.28556178136-0.150651930115j),(0.52950184888+0.172536388484j),(-1.25169563806-0.115091207539j),(0.55911820414+0.191632627652j)
(-0.0206643437103+0.589544638969j),(-0.0454182102918+0.613930134299j),(-0.958495519147-0.074471382055j),(-0.95988605893-0.0783376488683j),78,(-0.347135866236-0.0243651061044j),(-0.374847395974-0.0557672158882j),(0.91316767348+0.142760972009j),(0.915244458897+0.150390434076j),(-1.29009185487-0.206157649964j),(0.540397062923+0.0946232181878j),(-1.26030353972-0.167126078113j),(0.566031807244+0.118395865904j)
(-0.0783872177225+0.586958656227j),(-0.10423509817+0.60990959194j),(-0.962066369918-0.0685776734794j),(-0.963370132497-0.0721282296191j),79,(-0.338375908218-0.0920201119595j),(-0.361124754649-0.127147972381j),(0.920868802828+0.131952546763j),(0.922879530679+0.13897236425j),(-1.28400428533-0.266120336631j),(0.56175477603+0.0118243918687j),(-1.25924471105-0.223972658723j),(0.58249289461+0.0399324348039j)
(-0.141051922376+0.580837977953j),(-0.167841501968+0.602052140762j),(-0.96562204182-0.0626219374119j),(-0.966833823437-0.065855164717j),80,(-0.317477111826-0.163856626759j),(-0.334296010413-0.202098671137j),(0.928504420603+0.120938246133j),(0.930430739421+0.127342001393j),(-1.26472674983-0.32944067253j),(0.596134729009-0.0747566697447j),(-1.24598153243-0.284794872891j),(0.611027308777-0.0429183806259j)
(-0.208974810817+0.57024088121j),(-0.236470537293+0.589392449103j),(-0.969160910696-0.0566056239776j),(-0.970275468266-0.0595200332867j),81,(-0.281504191047-0.238331960542j),(-0.291465144052-0.278747898231j),(0.936068674155+0.109719916169j),(0.937891849956+0.115501656337j),(-1.22935699401-0.394249554568j),(0.646426705903-0.163246241894j),(-1.2175728652-0.348051876712j),(0.654564483108-0.128612044373j)
(-0.282397909338+0.554011660974j),(-0.310256983585+0.570764223518j),(-0.972681377094-0.0505302400194j),(-0.973693433869-0.053124472762j),82,(-0.227180341297-0.312903469615j),(-0.229512402985-0.354167172653j),(0.943555756188+0.0982996468939j),(0.945256693553+0.103453900612j),(-1.17476909654-0.457621073266j),(0.715744290568-0.250713272041j),(-1.17073609749-0.411203116509j),(0.716375414891-0.214603822721j)
(-0.361430999384+0.530745809678j),(-0.389176296002+0.544775432182j),(-0.976181867762-0.0443973489643j),(-0.977086119112-0.0466701786195j),83,(-0.151058747175-0.383655976822j),(-0.145322082139-0.424027369699j),(0.950959914352+0.0866797740712j),(0.952519178588+0.0912015674111j),(-1.09784126073-0.51522893711j),(0.80719709645-0.332825802288j),(-1.10201866153-0.470335750893j),(0.799901167177-0.29697620275j)
(-0.445968839692+0.498760078482j),(-0.472961106632+0.509792649031j),(-0.979660837127-0.0382085706232j),(-0.980451956418-0.0401589040422j),84,(-0.0498734099108-0.44486290697j),(-0.0361963366202-0.482224190877j),(0.958275460931+0.0748628805644j),(0.959673301271+0.0787477520716j),(-0.995869637891-0.560971942949j),(0.923476964651-0.403476438806j),(-1.00814887084-0.519725787535j),(0.90840205102-0.370000026406j)
(-0.535576995593+0.456077015214j),(-0.560991261775+0.463944704894j),(-0.983116768742-0.031965580924j),(-0.983789413321-0.0335924595143j),85,(0.0788364744023-0.488528715135j),(0.0994665065887-0.520537850784j),(0.965496782618+0.062851797258j),(0.966713156426+0.0660958120751j),(-0.867246649837-0.586633662859j),(1.06617966301-0.454442038709j),(-0.886660308216-0.551380512393j),(1.04433325702-0.425676917877j)
(-0.62934119148+0.400439774718j),(-0.65215622688+0.405160998641j),(-0.986548176708-0.0256701115769j),(-0.987096993969-0.0269727123455j),86,(0.235718322117-0.504026489874j),(0.261152309438-0.528456536305j),(0.972618350338+0.0506496035441j),(0.973632948292+0.053249366551j),(-0.712480638854-0.581705902856j),(1.23478525773-0.475207169754j),(-0.736900028221-0.554676093418j),(1.20833667245-0.45337688633j)
(-0.725680237029+0.329381028976j),(-0.744695132481+0.331265572909j),(-0.98995360706-0.0193239496737j),(-0.990373240606-0.0203015861278j),87,(0.418119944165-0.47805060636j),(0.444833960547-0.493383719407j),(0.9796347291+0.0382596273643j),(0.98042700131+0.0402122952857j),(-0.535593040763-0.533596014693j),(1.42526096186-0.453171424121j),(-0.561514784936-0.516310233724j),(1.39775467327-0.439790978996j)
(-0.822134144561+0.240378247095j),(-0.836031685304+0.240152420315j),(-0.993331639123-0.0129289372211j),(-0.993616734998-0.0135810601227j),88,(0.618122849976-0.395246329093j),(0.641275793848-0.401550065371j),(0.986540587866+0.0256854448038j),(0.987089770873+0.0269887372338j),(-0.345813977025-0.428538802605j),(1.62836556472-0.374561328137j),(-0.36841773789-0.420931773897j),(1.60466343784-0.36956088429j)
(-0.915160045953+0.131132392405j),(-0.922639841849+0.130066309117j),(-0.996680886831-0.00648697060649j),(-0.996826099819-0.00681316858168j),89,(0.820322205371-0.240014252519j),(0.834347033-0.240008717748j),(0.993330709386+0.0129308792338j),(0.993615854015+0.0135830885294j),(-0.159268821015-0.253591806277j),(1.82796288702-0.226425629218j),(-0.173008504015-0.252945131752j),(1.81365291476-0.227083373285j)
(-1+4.96616249424e-16j),(-1+4.9208837527e-16j),(-1+0j),(-1+0j),90,(1-9.93232498848e-16j),(1-9.8417675054e-16j),(1-0j),(1-0j),(-8.881784197e-16-9.8417675054e-16j),(2-9.8417675054e-16j),(-8.881784197e-16-9.93232498848e-16j),(2-9.93232498848e-16j)
